<?xml version="1.0" encoding="UTF-8"?>
<project-private xmlns="http://www.netbeans.org/ns/project-private/1">
    <editor-bookmarks xmlns="http://www.netbeans.org/ns/editor-bookmarks/2" lastBookmarkId="0"/>
    <open-files xmlns="http://www.netbeans.org/ns/projectui-open-files/2">
        <group>
            <file>file:/C:/Users/admin/OneDrive/Documents/NetBeansProjects/QuanLyCoVid/src/view/KiemTraJFrame.java</file>
            <file>file:/C:/Users/admin/OneDrive/Documents/NetBeansProjects/QuanLyCoVid/src/view/CachLyJFrame.java</file>
            <file>file:/C:/Users/admin/OneDrive/Documents/NetBeansProjects/QuanLyCoVid/src/controller/QuanLyCachLyController.java</file>
            <file>file:/C:/Users/admin/OneDrive/Documents/NetBeansProjects/QuanLyCoVid/src/controller/QuanLyKiemTraController.java</file>
        </group>
    </open-files>
</project-private>
